pop	superpop	ne	rsid	gene	chrom	freq	n_car	sel_p	selected	sweep	p_soft	tier	onset_gen	onset_ci	onset_yr	s	s_ci	onset_seed_lo	onset_seed_hi	lit_s	lit_onset_kya
ACB	AFR	45500	rs174546	FADS1	chr11	0.969	186	nan	no	SGV	1.00	deep+Ne	1186	[976,1272]	33204	0.024	[-0.001,0.064]	NA	NA	0.0126	8.5
ACB	AFR	45500	rs174581	FADS2	chr11	0.677	130	0.009	no	SGV	1.00	deep+Ne	1221	[865,1579]	34178	0.015	[-0.001,0.035]	NA	NA	0.0138	9
ACB	AFR	45500	rs2814778	DARC	chr1	0.885	170	0.013	no	SGV	1.00	deep+Ne	1063	[840,1527]	29777	0.034	[0.005,0.083]	NA	NA	0.066	.
ACB	AFR	45500	rs73885319	APOL1	chr22	0.260	50	0.006	yes	de novo	0.01	deep+Ne	398	[251,620]	11153	0.035	[0.010,0.072]	NA	NA	.	7
ACB	AFR	45500	rs60910145	APOL1	chr22	0.255	49	0.006	yes	de novo	0.01	deep+Ne	393	[240,613]	11016	0.034	[0.010,0.073]	NA	NA	.	7
ACB	AFR	45500	rs334	HBB	chr11	0.047	9	1.000	no	SGV	1.00	recent+Ne	265	[53,285]	7412	0.037	[0.027,0.072]	NA	NA	0.152	7.3
ACB	AFR	45500	rs3211938	CD36	chr7	0.068	13	0.006	yes	de novo	0.04	deep+Ne	855	[207,1780]	23936	0.023	[-0.003,0.041]	NA	NA	.	.
ASW	AFR	60000	rs174546	FADS1	chr11	0.884	99	1.000	no	SGV	1.00	deep+Ne	1410	[1040,1582]	39482	0.017	[-0.000,0.045]	NA	NA	0.0126	8.5
ASW	AFR	60000	rs174581	FADS2	chr11	0.598	67	0.008	no	SGV	1.00	deep+Ne	1243	[911,1608]	34802	0.015	[-0.002,0.033]	NA	NA	0.0138	9
ASW	AFR	60000	rs2814778	DARC	chr1	0.786	88	0.009	no	SGV	1.00	deep+Ne	1108	[949,1573]	31038	0.021	[0.003,0.042]	NA	NA	0.066	.
ASW	AFR	60000	rs73885319	APOL1	chr22	0.214	24	0.005	yes	de novo	0.01	deep+Ne	658	[297,1221]	18419	0.021	[0.003,0.054]	NA	NA	.	7
ASW	AFR	60000	rs60910145	APOL1	chr22	0.214	24	0.005	yes	de novo	0.01	deep+Ne	666	[296,1221]	18649	0.021	[0.004,0.054]	NA	NA	.	7
ASW	AFR	60000	rs3211938	CD36	chr7	0.080	9	0.006	yes	de novo	0.02	deep+Ne	511	[163,942]	14297	0.029	[0.007,0.056]	NA	NA	.	.
ESN	AFR	25500	rs174581	FADS2	chr11	0.698	148	0.008	no	SGV	1.00	deep+Ne	1206	[828,1579]	33770	0.018	[-0.001,0.037]	NA	NA	0.0138	9
ESN	AFR	25500	rs73885319	APOL1	chr22	0.495	105	0.009	yes	de novo	0.01	deep+Ne	305	[186,382]	8531	0.047	[0.029,0.088]	NA	NA	.	7
ESN	AFR	25500	rs60910145	APOL1	chr22	0.495	105	0.009	yes	de novo	0.01	deep+Ne	305	[186,382]	8531	0.047	[0.029,0.088]	NA	NA	.	7
ESN	AFR	25500	rs334	HBB	chr11	0.127	27	0.005	yes	de novo	0.01	recent+Ne	182	[53,221]	5102	0.064	[0.040,0.105]	NA	NA	0.152	7.3
ESN	AFR	25500	rs3211938	CD36	chr7	0.245	52	0.006	yes	de novo	0.01	deep+Ne	271	[152,665]	7576	0.049	[0.020,0.085]	NA	NA	.	.
GWD	AFR	36500	rs174581	FADS2	chr11	0.668	159	0.009	no	SGV	1.00	deep+Ne	1041	[827,1579]	29147	0.022	[0.001,0.045]	NA	NA	0.0138	9
GWD	AFR	36500	rs73885319	APOL1	chr22	0.235	56	0.006	yes	de novo	0.04	deep+Ne	603	[270,1083]	16898	0.026	[0.004,0.055]	NA	NA	.	7
GWD	AFR	36500	rs60910145	APOL1	chr22	0.235	56	0.006	yes	de novo	0.07	deep+Ne	613	[270,1089]	17159	0.026	[0.004,0.055]	NA	NA	.	7
GWD	AFR	36500	rs334	HBB	chr11	0.109	26	0.005	yes	de novo	0.00	recent+Ne	130	[54,180]	3640	0.090	[0.046,0.135]	NA	NA	0.152	7.3
LWK	AFR	45500	rs174581	FADS2	chr11	0.691	134	0.008	no	SGV	1.00	deep+Ne	1171	[890,1580]	32775	0.015	[-0.002,0.035]	NA	NA	0.0138	9
LWK	AFR	45500	rs73885319	APOL1	chr22	0.057	11	0.007	yes	de novo	0.00	deep+Ne	495	[209,853]	13852	0.024	[0.006,0.054]	NA	NA	.	7
LWK	AFR	45500	rs60910145	APOL1	chr22	0.057	11	0.007	yes	de novo	0.00	deep+Ne	474	[209,853]	13259	0.028	[0.006,0.063]	NA	NA	.	7
LWK	AFR	45500	rs334	HBB	chr11	0.103	20	0.005	yes	de novo	0.01	recent+Ne	183	[40,253]	5120	0.056	[0.028,0.090]	NA	NA	0.152	7.3
LWK	AFR	45500	rs3211938	CD36	chr7	0.077	15	0.006	yes	de novo	0.05	deep+Ne	820	[172,1420]	22955	0.020	[-0.002,0.041]	NA	NA	.	.
MSL	AFR	31500	rs174581	FADS2	chr11	0.552	96	0.008	no	SGV	1.00	deep+Ne	1389	[935,1806]	38904	0.013	[-0.002,0.033]	NA	NA	0.0138	9
MSL	AFR	31500	rs73885319	APOL1	chr22	0.126	22	0.005	yes	de novo	0.03	deep+Ne	381	[148,689]	10660	0.041	[0.009,0.075]	NA	NA	.	7
MSL	AFR	31500	rs60910145	APOL1	chr22	0.126	22	0.005	yes	de novo	0.03	deep+Ne	381	[148,689]	10660	0.041	[0.009,0.075]	NA	NA	.	7
MSL	AFR	31500	rs334	HBB	chr11	0.126	22	0.005	yes	de novo	0.04	recent+Ne	232	[80,314]	6504	0.053	[0.029,0.091]	NA	NA	0.152	7.3
YRI	AFR	28000	rs174581	FADS2	chr11	0.642	154	0.009	no	SGV	1.00	deep+Ne	1102	[815,1599]	30860	0.018	[0.001,0.037]	NA	NA	0.0138	9
YRI	AFR	28000	rs73885319	APOL1	chr22	0.362	87	0.008	yes	de novo	0.01	deep+Ne	263	[214,526]	7357	0.048	[0.029,0.087]	NA	NA	.	7
YRI	AFR	28000	rs60910145	APOL1	chr22	0.362	87	0.008	yes	de novo	0.01	deep+Ne	263	[214,526]	7357	0.048	[0.029,0.087]	NA	NA	.	7
YRI	AFR	28000	rs334	HBB	chr11	0.138	33	0.005	yes	de novo	0.01	recent+Ne	183	[57,222]	5120	0.070	[0.040,0.106]	NA	NA	0.152	7.3
YRI	AFR	28000	rs3211938	CD36	chr7	0.287	69	0.007	yes	de novo	0.01	deep+Ne	177	[115,554]	4960	0.081	[0.045,0.123]	NA	NA	.	.
CLM	AMR	52000	rs4988235	LCT	chr2	0.325	63	0.007	yes	de novo	0.44	recent+Ne	241	[59,289]	6739	0.062	[0.037,0.103]	NA	NA	0.016	6
CLM	AMR	52000	rs3827760	EDAR	chr2	0.242	47	0.006	yes	de novo	0.12	deep+Ne	1036	[374,1564]	29006	0.019	[-0.002,0.040]	NA	NA	0.0047	45
CLM	AMR	52000	rs1426654	SLC24A5	chr15	0.727	141	0.007	yes	SGV	0.65	deep+Ne	431	[201,549]	12063	0.044	[0.031,0.089]	NA	NA	0.0185	3.5
CLM	AMR	52000	rs16891982	SLC45A2	chr5	0.644	125	0.010	yes	SGV	0.72	deep+Ne	800	[643,1051]	22399	0.020	[0.006,0.044]	NA	NA	0.02	13
CLM	AMR	52000	rs12913832	OCA2	chr15	0.263	51	0.006	no	SGV	0.98	deep+Ne	1448	[918,1807]	40549	0.011	[0.000,0.032]	NA	NA	0.002	50
MXL	AMR	54000	rs4988235	LCT	chr2	0.238	31	0.006	yes	de novo	0.15	recent+Ne	232	[62,277]	6504	0.060	[0.035,0.100]	NA	NA	0.016	6
MXL	AMR	54000	rs3827760	EDAR	chr2	0.485	63	0.008	yes	de novo	0.28	deep+Ne	790	[404,1112]	22122	0.026	[0.004,0.047]	NA	NA	0.0047	45
MXL	AMR	54000	rs1426654	SLC24A5	chr15	0.515	67	0.009	yes	de novo	0.02	deep+Ne	351	[201,588]	9838	0.049	[0.035,0.094]	NA	NA	0.0185	3.5
MXL	AMR	54000	rs16891982	SLC45A2	chr5	0.408	53	0.007	yes	SGV	0.82	deep+Ne	823	[461,1080]	23040	0.017	[0.003,0.042]	NA	NA	0.02	13
MXL	AMR	54000	rs12913832	OCA2	chr15	0.185	24	0.005	yes	SGV	0.56	deep+Ne	1408	[711,1822]	39419	0.011	[-0.002,0.031]	NA	NA	0.002	50
PEL	AMR	29000	rs4988235	LCT	chr2	0.103	18	0.005	yes	de novo	0.01	recent+Ne	232	[54,278]	6504	0.041	[0.025,0.092]	NA	NA	0.016	6
PEL	AMR	29000	rs3827760	EDAR	chr2	0.747	130	0.007	yes	de novo	0.46	deep+Ne	742	[341,822]	20776	0.032	[0.016,0.067]	NA	NA	0.0047	45
PEL	AMR	29000	rs1426654	SLC24A5	chr15	0.287	50	0.007	yes	de novo	0.01	deep+Ne	516	[197,1012]	14439	0.032	[0.020,0.069]	NA	NA	0.0185	3.5
PEL	AMR	29000	rs16891982	SLC45A2	chr5	0.167	29	0.005	yes	de novo	0.29	deep+Ne	998	[671,1719]	27955	0.015	[0.001,0.037]	NA	NA	0.02	13
PEL	AMR	29000	rs12913832	OCA2	chr15	0.109	19	0.005	yes	SGV	0.92	deep+Ne	1407	[945,1807]	39408	0.012	[-0.005,0.030]	NA	NA	0.002	50
PUR	AMR	31500	rs4988235	LCT	chr2	0.207	43	0.005	yes	de novo	0.01	recent+Ne	232	[58,286]	6504	0.055	[0.032,0.097]	NA	NA	0.016	6
PUR	AMR	31500	rs3827760	EDAR	chr2	0.173	36	0.005	yes	SGV	0.59	deep+Ne	1017	[479,1612]	28473	0.018	[-0.002,0.041]	NA	NA	0.0047	45
PUR	AMR	31500	rs1426654	SLC24A5	chr15	0.769	160	0.008	yes	de novo	0.04	deep+Ne	323	[190,493]	9032	0.061	[0.040,0.113]	NA	NA	0.0185	3.5
PUR	AMR	31500	rs16891982	SLC45A2	chr5	0.587	122	0.008	yes	SGV	0.67	deep+Ne	977	[522,1258]	27351	0.022	[0.007,0.047]	NA	NA	0.02	13
PUR	AMR	31500	rs12913832	OCA2	chr15	0.231	48	0.006	yes	SGV	0.85	deep+Ne	1359	[892,1808]	38041	0.012	[-0.002,0.032]	NA	NA	0.002	50
CDX	EAS	14000	rs1229984	ADH1B	chr4	0.636	117	0.009	no	SGV	0.99	recent+Ne	255	[62,296]	7127	0.054	[0.040,0.083]	NA	NA	.	7
CDX	EAS	14000	rs671	ALDH2	chr12	0.043	8	0.007	yes	SGV	0.93	recent+Ne	232	[55,280]	6504	0.023	[0.005,0.079]	NA	NA	.	.
CDX	EAS	14000	rs3827760	EDAR	chr2	0.902	166	0.015	yes	SGV	0.62	deep+Ne	643	[431,988]	18004	0.027	[0.011,0.069]	NA	NA	0.0047	45
CDX	EAS	14000	rs12896399	SLC24A4	chr14	0.359	66	0.008	yes	SGV	0.81	deep+Ne	730	[472,1405]	20453	0.019	[0.008,0.053]	NA	NA	0.005	30
CHB	EAS	12000	rs1229984	ADH1B	chr4	0.709	146	0.007	yes	de novo	0.03	recent+Ne	265	[58,297]	7412	0.057	[0.036,0.094]	NA	NA	.	7
CHB	EAS	12000	rs671	ALDH2	chr12	0.160	33	0.005	yes	de novo	0.12	recent+Ne	265	[59,287]	7412	0.036	[0.018,0.084]	NA	NA	.	.
CHB	EAS	12000	rs3827760	EDAR	chr2	0.937	193	nan	no	de novo	0.29	deep+Ne	484	[250,514]	13541	0.039	[0.023,0.075]	NA	NA	0.0047	45
CHB	EAS	12000	rs12896399	SLC24A4	chr14	0.291	60	0.007	yes	de novo	0.25	deep+Ne	858	[532,1558]	24036	0.012	[0.001,0.038]	NA	NA	0.005	30
CHS	EAS	15500	rs1229984	ADH1B	chr4	0.746	167	0.007	yes	SGV	0.63	recent+Ne	261	[62,295]	7313	0.061	[0.038,0.096]	NA	NA	.	7
CHS	EAS	15500	rs671	ALDH2	chr12	0.268	60	0.006	yes	de novo	0.09	recent+Ne	265	[56,284]	7412	0.049	[0.029,0.090]	NA	NA	.	.
CHS	EAS	15500	rs3827760	EDAR	chr2	0.893	200	0.014	yes	de novo	0.49	deep+Ne	501	[314,656]	14020	0.041	[0.024,0.075]	NA	NA	0.0047	45
CHS	EAS	15500	rs12896399	SLC24A4	chr14	0.281	63	0.007	yes	de novo	0.40	deep+Ne	775	[383,1453]	21696	0.014	[0.002,0.039]	NA	NA	0.005	30
JPT	EAS	13500	rs1229984	ADH1B	chr4	0.731	152	0.007	yes	de novo	0.05	recent+Ne	283	[60,299]	7933	0.052	[0.029,0.089]	NA	NA	.	7
JPT	EAS	13500	rs671	ALDH2	chr12	0.240	50	0.006	yes	SGV	0.84	recent+Ne	265	[59,289]	7412	0.042	[0.022,0.088]	NA	NA	.	.
JPT	EAS	13500	rs3827760	EDAR	chr2	0.803	167	0.010	yes	SGV	0.52	deep+Ne	520	[290,655]	14567	0.034	[0.021,0.066]	NA	NA	0.0047	45
JPT	EAS	13500	rs12896399	SLC24A4	chr14	0.471	98	0.008	yes	SGV	0.58	deep+Ne	596	[373,923]	16677	0.021	[0.010,0.056]	NA	NA	0.005	30
KHV	EAS	20000	rs1229984	ADH1B	chr4	0.644	130	0.010	yes	SGV	0.97	recent+Ne	264	[61,298]	7399	0.059	[0.040,0.088]	NA	NA	.	7
KHV	EAS	20000	rs671	ALDH2	chr12	0.134	27	0.005	yes	de novo	0.04	recent+Ne	272	[56,284]	7629	0.041	[0.023,0.082]	NA	NA	.	.
KHV	EAS	20000	rs3827760	EDAR	chr2	0.827	167	0.011	yes	de novo	0.20	deep+Ne	523	[313,625]	14633	0.034	[0.021,0.075]	NA	NA	0.0047	45
KHV	EAS	20000	rs12896399	SLC24A4	chr14	0.351	71	0.007	yes	de novo	0.31	deep+Ne	647	[410,1385]	18105	0.019	[0.009,0.054]	NA	NA	0.005	30
CEU	EUR	12500	rs4988235	LCT	chr2	0.742	181	0.007	yes	de novo	0.11	recent+Ne	232	[72,283]	6504	0.065	[0.047,0.114]	NA	NA	0.016	6
CEU	EUR	12500	rs1438307	MCM6	chr2	0.816	199	0.010	yes	de novo	0.05	deep+Ne	345	[202,440]	9656	0.064	[0.045,0.097]	NA	NA	0.0146	12
CEU	EUR	12500	rs12913832	OCA2	chr15	0.795	194	0.009	yes	SGV	0.96	deep+Ne	826	[689,1278]	23128	0.020	[0.009,0.050]	NA	NA	0.002	50
CEU	EUR	12500	rs174546	FADS1	chr11	0.648	158	0.010	no	SGV	1.00	deep+Ne	1372	[936,1564]	38428	0.012	[-0.001,0.036]	NA	NA	0.0126	8.5
CEU	EUR	12500	rs174581	FADS2	chr11	0.643	157	0.010	no	SGV	1.00	deep+Ne	1054	[807,1563]	29523	0.017	[0.001,0.045]	NA	NA	0.0138	9
CEU	EUR	12500	rs174570	FADS	chr11	0.148	36	0.986	no	SGV	1.00	deep+Ne	1749	[1084,1811]	48975	0.010	[-0.002,0.025]	NA	NA	0.0038	57
CEU	EUR	12500	rs2851682	FADS	chr11	0.082	20	0.006	yes	SGV	0.94	deep+Ne	1377	[783,1812]	38554	0.011	[-0.004,0.032]	NA	NA	0.004	53
CEU	EUR	12500	rs619865	ASIP	chr20	0.119	29	0.005	yes	SGV	0.74	recent+Ne	283	[55,295]	7933	0.026	[0.018,0.076]	NA	NA	0.10	5
CEU	EUR	12500	rs12821256	KITLG	chr12	0.135	33	0.005	yes	de novo	0.06	recent+Ne	283	[55,296]	7933	0.028	[0.013,0.074]	NA	NA	0.016	5
CEU	EUR	12500	rs1393350	TYR	chr11	0.230	56	0.006	yes	SGV	0.67	recent+Ne	265	[60,302]	7412	0.033	[0.017,0.076]	NA	NA	0.011	5
CEU	EUR	12500	rs12896399	SLC24A4	chr14	0.574	140	0.008	yes	SGV	0.97	deep+Ne	948	[686,1162]	26534	0.018	[0.009,0.051]	NA	NA	0.005	30
CEU	EUR	12500	rs35260072	SLC22A4	chr5	0.406	99	0.007	yes	SGV	1.00	deep+Ne	1356	[873,1789]	37978	0.011	[-0.002,0.033]	NA	NA	0.0172	9
CEU	EUR	12500	rs11066188	HECTD4	chr12	0.348	85	0.007	yes	de novo	0.39	deep+Ne	1433	[753,1793]	40131	0.012	[-0.002,0.031]	NA	NA	0.0198	9
CEU	EUR	12500	rs653178	ATXN2	chr12	0.447	109	0.008	yes	SGV	0.83	deep+Ne	1263	[692,1791]	35350	0.017	[0.007,0.040]	NA	NA	0.0189	9
FIN	EUR	12000	rs4988235	LCT	chr2	0.591	117	0.008	yes	de novo	0.08	recent+Ne	232	[65,282]	6504	0.052	[0.037,0.108]	NA	NA	0.016	6
FIN	EUR	12000	rs1438307	MCM6	chr2	0.657	130	0.009	yes	de novo	0.13	deep+Ne	534	[220,576]	14948	0.038	[0.028,0.067]	NA	NA	0.0146	12
FIN	EUR	12000	rs16891982	SLC45A2	chr5	0.960	190	nan	no	SGV	0.95	deep+Ne	711	[624,996]	19920	0.031	[0.009,0.081]	NA	NA	0.02	13
FIN	EUR	12000	rs35395	SLC45A2	chr5	0.960	190	nan	no	SGV	0.89	deep+Ne	728	[613,1016]	20396	0.031	[0.010,0.082]	NA	NA	0.0215	13
FIN	EUR	12000	rs12913832	OCA2	chr15	0.909	180	nan	no	SGV	0.96	deep+Ne	1049	[756,1279]	29382	0.028	[0.008,0.056]	NA	NA	0.002	50
FIN	EUR	12000	rs174546	FADS1	chr11	0.535	106	0.008	no	SGV	1.00	deep+Ne	1563	[1051,1791]	43774	0.011	[-0.003,0.029]	NA	NA	0.0126	8.5
FIN	EUR	12000	rs174581	FADS2	chr11	0.525	104	0.009	yes	SGV	1.00	deep+Ne	1470	[843,1791]	41160	0.013	[-0.001,0.034]	NA	NA	0.0138	9
FIN	EUR	12000	rs174570	FADS	chr11	0.253	50	0.006	yes	SGV	0.98	deep+Ne	1594	[980,1836]	44634	0.012	[-0.006,0.027]	NA	NA	0.0038	57
FIN	EUR	12000	rs2851682	FADS	chr11	0.232	46	0.006	yes	SGV	0.99	deep+Ne	1604	[928,1812]	44900	0.012	[-0.006,0.027]	NA	NA	0.004	53
FIN	EUR	12000	rs12821256	KITLG	chr12	0.187	37	0.005	yes	de novo	0.03	recent+Ne	232	[55,296]	6504	0.035	[0.014,0.081]	NA	NA	0.016	5
FIN	EUR	12000	rs1393350	TYR	chr11	0.167	33	0.005	yes	SGV	0.74	recent+Ne	283	[49,293]	7933	0.036	[0.016,0.079]	NA	NA	0.011	5
FIN	EUR	12000	rs12896399	SLC24A4	chr14	0.480	95	0.008	yes	SGV	0.83	deep+Ne	1217	[860,1539]	34080	0.013	[0.001,0.033]	NA	NA	0.005	30
FIN	EUR	12000	rs35260072	SLC22A4	chr5	0.313	62	0.007	yes	SGV	0.99	deep+Ne	1515	[925,1810]	42406	0.011	[-0.005,0.029]	NA	NA	0.0172	9
FIN	EUR	12000	rs11066188	HECTD4	chr12	0.343	68	0.007	no	SGV	1.00	deep+Ne	1582	[955,1816]	44295	0.009	[-0.006,0.025]	NA	NA	0.0198	9
FIN	EUR	12000	rs653178	ATXN2	chr12	0.364	72	0.007	no	SGV	1.00	deep+Ne	1456	[844,1812]	40779	0.012	[-0.003,0.030]	NA	NA	0.0189	9
GBR	EUR	15000	rs4988235	LCT	chr2	0.722	130	0.007	yes	de novo	0.10	recent+Ne	232	[60,278]	6504	0.066	[0.045,0.110]	NA	NA	0.016	6
GBR	EUR	15000	rs1438307	MCM6	chr2	0.744	134	0.007	yes	de novo	0.10	deep+Ne	362	[198,483]	10146	0.060	[0.032,0.084]	NA	NA	0.0146	12
GBR	EUR	15000	rs12913832	OCA2	chr15	0.817	147	0.010	yes	SGV	0.94	deep+Ne	1160	[780,1588]	32478	0.023	[0.005,0.049]	NA	NA	0.002	50
GBR	EUR	15000	rs174546	FADS1	chr11	0.617	111	1.000	no	SGV	1.00	deep+Ne	1370	[1007,1584]	38371	0.016	[-0.002,0.037]	NA	NA	0.0126	8.5
GBR	EUR	15000	rs174581	FADS2	chr11	0.611	110	0.008	no	SGV	1.00	deep+Ne	1213	[821,1582]	33972	0.017	[0.002,0.037]	NA	NA	0.0138	9
GBR	EUR	15000	rs174570	FADS	chr11	0.189	34	0.995	no	SGV	1.00	deep+Ne	1662	[1058,1811]	46539	0.015	[-0.002,0.026]	NA	NA	0.0038	57
GBR	EUR	15000	rs2851682	FADS	chr11	0.106	19	0.005	yes	SGV	0.99	deep+Ne	1645	[957,1811]	46072	0.006	[-0.006,0.025]	NA	NA	0.004	53
GBR	EUR	15000	rs619865	ASIP	chr20	0.117	21	0.015	no	SGV	0.95	recent+Ne	265	[59,301]	7412	0.024	[0.022,0.073]	NA	NA	0.10	5
GBR	EUR	15000	rs12821256	KITLG	chr12	0.217	39	0.005	yes	de novo	0.15	recent+Ne	265	[56,297]	7412	0.037	[0.020,0.075]	NA	NA	0.016	5
GBR	EUR	15000	rs1393350	TYR	chr11	0.272	49	0.006	yes	SGV	0.75	recent+Ne	271	[55,295]	7580	0.038	[0.019,0.076]	NA	NA	0.011	5
GBR	EUR	15000	rs12896399	SLC24A4	chr14	0.394	71	0.007	yes	SGV	0.90	deep+Ne	1086	[731,1292]	30406	0.016	[0.002,0.039]	NA	NA	0.005	30
GBR	EUR	15000	rs35260072	SLC22A4	chr5	0.411	74	0.007	yes	SGV	0.99	deep+Ne	1426	[900,1807]	39941	0.014	[-0.003,0.033]	NA	NA	0.0172	9
GBR	EUR	15000	rs11066188	HECTD4	chr12	0.433	78	0.007	yes	SGV	1.00	deep+Ne	1396	[814,1789]	39094	0.014	[-0.002,0.034]	NA	NA	0.0198	9
GBR	EUR	15000	rs653178	ATXN2	chr12	0.500	90	0.009	yes	SGV	1.00	deep+Ne	1281	[750,1792]	35871	0.019	[0.008,0.041]	NA	NA	0.0189	9
IBS	EUR	28000	rs4988235	LCT	chr2	0.458	98	0.008	yes	de novo	0.09	recent+Ne	232	[62,284]	6504	0.067	[0.042,0.108]	NA	NA	0.016	6
IBS	EUR	28000	rs1438307	MCM6	chr2	0.603	129	0.008	no	SGV	1.00	deep+Ne	932	[403,1581]	26083	0.027	[0.008,0.051]	NA	NA	0.0146	12
IBS	EUR	28000	rs16891982	SLC45A2	chr5	0.818	175	0.010	yes	SGV	0.95	deep+Ne	631	[617,1007]	17654	0.032	[0.015,0.071]	NA	NA	0.02	13
IBS	EUR	28000	rs35395	SLC45A2	chr5	0.874	187	0.013	yes	SGV	0.85	deep+Ne	818	[640,1234]	22914	0.023	[0.008,0.057]	NA	NA	0.0215	13
IBS	EUR	28000	rs12913832	OCA2	chr15	0.322	69	0.007	yes	SGV	0.91	deep+Ne	1402	[859,1834]	39267	0.017	[0.000,0.032]	NA	NA	0.002	50
IBS	EUR	28000	rs174546	FADS1	chr11	0.706	151	0.007	no	SGV	1.00	deep+Ne	1311	[926,1561]	36699	0.017	[0.001,0.038]	NA	NA	0.0126	8.5
IBS	EUR	28000	rs174581	FADS2	chr11	0.678	145	0.009	no	SGV	1.00	deep+Ne	1054	[802,1561]	29512	0.021	[0.004,0.047]	NA	NA	0.0138	9
IBS	EUR	28000	rs174570	FADS	chr11	0.117	25	0.985	no	SGV	1.00	deep+Ne	1779	[1062,1811]	49824	0.013	[-0.006,0.026]	NA	NA	0.0038	57
IBS	EUR	28000	rs2851682	FADS	chr11	0.075	16	0.006	no	SGV	0.99	deep+Ne	1572	[1004,1812]	44014	0.012	[-0.006,0.027]	NA	NA	0.004	53
IBS	EUR	28000	rs619865	ASIP	chr20	0.075	16	0.006	yes	SGV	0.91	recent+Ne	265	[51,292]	7412	0.024	[0.020,0.073]	NA	NA	0.10	5
IBS	EUR	28000	rs12821256	KITLG	chr12	0.051	11	0.007	yes	de novo	0.21	recent+Ne	265	[57,297]	7412	0.026	[0.013,0.075]	NA	NA	0.016	5
IBS	EUR	28000	rs1393350	TYR	chr11	0.285	61	0.007	yes	SGV	0.71	recent+Ne	283	[53,295]	7933	0.041	[0.021,0.077]	NA	NA	0.011	5
IBS	EUR	28000	rs12896399	SLC24A4	chr14	0.346	74	0.007	yes	SGV	0.84	deep+Ne	885	[638,1254]	24791	0.017	[0.005,0.045]	NA	NA	0.005	30
IBS	EUR	28000	rs35260072	SLC22A4	chr5	0.458	98	0.008	yes	SGV	1.00	deep+Ne	1317	[834,1789]	36877	0.016	[-0.000,0.035]	NA	NA	0.0172	9
IBS	EUR	28000	rs11066188	HECTD4	chr12	0.425	91	0.007	yes	SGV	0.98	deep+Ne	1401	[757,1789]	39235	0.018	[-0.001,0.032]	NA	NA	0.0198	9
IBS	EUR	28000	rs653178	ATXN2	chr12	0.481	103	0.009	yes	SGV	0.99	deep+Ne	1256	[761,1789]	35157	0.017	[0.002,0.037]	NA	NA	0.0189	9
TSI	EUR	23000	rs4988235	LCT	chr2	0.089	19	0.006	yes	de novo	0.01	recent+Ne	232	[56,276]	6504	0.044	[0.029,0.095]	NA	NA	0.016	6
TSI	EUR	23000	rs1438307	MCM6	chr2	0.304	65	0.007	no	SGV	1.00	deep+Ne	1604	[851,1819]	44899	0.011	[-0.006,0.025]	NA	NA	0.0146	12
TSI	EUR	23000	rs16891982	SLC45A2	chr5	0.967	207	nan	no	SGV	0.52	deep+Ne	528	[463,855]	14775	0.043	[0.018,0.087]	NA	NA	0.02	13
TSI	EUR	23000	rs12913832	OCA2	chr15	0.421	90	0.007	yes	SGV	0.96	deep+Ne	1373	[867,1799]	38457	0.014	[0.002,0.034]	NA	NA	0.002	50
TSI	EUR	23000	rs174546	FADS1	chr11	0.752	161	0.007	no	SGV	0.99	deep+Ne	1315	[893,1507]	36823	0.016	[-0.000,0.043]	NA	NA	0.0126	8.5
TSI	EUR	23000	rs174581	FADS2	chr11	0.720	154	0.007	no	SGV	1.00	deep+Ne	1009	[788,1561]	28238	0.021	[0.004,0.047]	NA	NA	0.0138	9
TSI	EUR	23000	rs174570	FADS	chr11	0.093	20	0.983	no	SGV	1.00	deep+Ne	1722	[1131,1811]	48208	0.012	[-0.006,0.026]	NA	NA	0.0038	57
TSI	EUR	23000	rs2851682	FADS	chr11	0.042	9	0.007	yes	SGV	0.83	deep+Ne	1705	[865,1807]	47744	0.008	[-0.006,0.025]	NA	NA	0.004	53
TSI	EUR	23000	rs619865	ASIP	chr20	0.051	11	0.007	yes	SGV	0.81	recent+Ne	253	[64,305]	7096	0.021	[0.015,0.076]	NA	NA	0.10	5
TSI	EUR	23000	rs12821256	KITLG	chr12	0.037	8	0.007	yes	de novo	0.01	recent+Ne	232	[73,322]	6504	0.030	[0.011,0.079]	NA	NA	0.016	5
TSI	EUR	23000	rs1393350	TYR	chr11	0.248	53	0.006	yes	de novo	0.43	recent+Ne	273	[59,302]	7631	0.037	[0.018,0.077]	NA	NA	0.011	5
TSI	EUR	23000	rs12896399	SLC24A4	chr14	0.383	82	0.007	yes	SGV	0.96	deep+Ne	1144	[728,1678]	32023	0.013	[0.004,0.039]	NA	NA	0.005	30
TSI	EUR	23000	rs35260072	SLC22A4	chr5	0.360	77	0.008	yes	SGV	0.99	deep+Ne	1414	[880,1789]	39594	0.013	[-0.002,0.031]	NA	NA	0.0172	9
TSI	EUR	23000	rs11066188	HECTD4	chr12	0.495	106	0.009	yes	SGV	0.66	deep+Ne	1278	[730,1788]	35785	0.017	[0.002,0.034]	NA	NA	0.0198	9
TSI	EUR	23000	rs653178	ATXN2	chr12	0.533	114	0.008	yes	SGV	0.99	deep+Ne	1224	[670,1770]	34270	0.019	[0.005,0.042]	NA	NA	0.0189	9
BEB	SAS	32000	rs1426654	SLC24A5	chr15	0.525	106	0.009	yes	de novo	0.05	deep+Ne	471	[201,562]	13179	0.038	[0.029,0.083]	NA	NA	0.0185	3.5
BEB	SAS	32000	rs174546	FADS1	chr11	0.787	159	0.009	no	SGV	1.00	deep+Ne	1410	[889,1566]	39477	0.017	[0.000,0.043]	NA	NA	0.0126	8.5
BEB	SAS	32000	rs174581	FADS2	chr11	0.782	158	0.009	yes	SGV	1.00	deep+Ne	1054	[752,1565]	29512	0.024	[0.005,0.054]	NA	NA	0.0138	9
GIH	SAS	19500	rs1426654	SLC24A5	chr15	0.955	193	nan	no	de novo	0.11	deep+Ne	451	[289,623]	12638	0.054	[0.023,0.107]	NA	NA	0.0185	3.5
GIH	SAS	19500	rs174546	FADS1	chr11	0.911	184	nan	no	SGV	0.99	deep+Ne	1192	[903,1253]	33370	0.020	[-0.000,0.049]	NA	NA	0.0126	8.5
GIH	SAS	19500	rs174581	FADS2	chr11	0.911	184	nan	no	SGV	0.99	deep+Ne	946	[772,1255]	26498	0.025	[0.004,0.058]	NA	NA	0.0138	9
ITU	SAS	22500	rs1426654	SLC24A5	chr15	0.654	136	0.009	yes	de novo	0.13	deep+Ne	449	[249,549]	12585	0.042	[0.030,0.087]	NA	NA	0.0185	3.5
ITU	SAS	22500	rs174546	FADS1	chr11	0.909	189	nan	no	SGV	1.00	deep+Ne	1335	[894,1335]	37393	0.022	[-0.000,0.049]	NA	NA	0.0126	8.5
ITU	SAS	22500	rs174581	FADS2	chr11	0.894	186	0.014	yes	SGV	1.00	deep+Ne	923	[743,1256]	25834	0.025	[0.005,0.060]	NA	NA	0.0138	9
PJL	SAS	22500	rs1229984	ADH1B	chr4	0.043	9	0.007	yes	de novo	0.22	recent+Ne	183	[41,273]	5120	0.033	[0.016,0.080]	NA	NA	.	7
PJL	SAS	22500	rs1426654	SLC24A5	chr15	0.774	161	0.008	yes	de novo	0.13	deep+Ne	313	[190,488]	8751	0.061	[0.039,0.113]	NA	NA	0.0185	3.5
PJL	SAS	22500	rs174546	FADS1	chr11	0.837	174	0.011	no	SGV	1.00	deep+Ne	1311	[906,1516]	36696	0.018	[-0.000,0.049]	NA	NA	0.0126	8.5
PJL	SAS	22500	rs174581	FADS2	chr11	0.822	171	0.010	yes	SGV	1.00	deep+Ne	1112	[763,1515]	31145	0.022	[0.003,0.051]	NA	NA	0.0138	9
STU	SAS	29500	rs1426654	SLC24A5	chr15	0.490	100	0.009	yes	de novo	0.04	deep+Ne	551	[204,581]	15431	0.031	[0.020,0.074]	NA	NA	0.0185	3.5
STU	SAS	29500	rs174546	FADS1	chr11	0.858	175	0.012	no	SGV	0.99	deep+Ne	1309	[897,1516]	36652	0.018	[-0.000,0.049]	NA	NA	0.0126	8.5
STU	SAS	29500	rs174581	FADS2	chr11	0.853	174	0.012	yes	SGV	1.00	deep+Ne	987	[754,1515]	27644	0.024	[0.005,0.058]	NA	NA	0.0138	9
